mean,std_dev,min,max,25th,50th,75th
54.00982558139535,21.07635697410599,18.0,90.0,36.0,54.0,72.0
