Condition,Average Sleep Hours
Stroke,7.513336452971456
No Stroke,7.498773433868719
